S.No,WARD,CATEGORY,ADDRESS,ADDRESS/ LANDMARK,GPS DEVICE ID,GPS WAY POINT ID,LATITUDE,LONGITUDE,SURVEYOR,ALLOCATION DATE,SURVEY DATE,DATA ENTRY DATE,ZONE,REASON
99,5,Subway,MANIKAM NAGAR,thiruvetriyur.ajas bus stop,13,82,13.172899,80.303215,P. Suresh,23/01/2015,23/01/2015,27/01/2015,1,
98,5,NNMP shed,SAKTHIPURAM 2 nd STREET,sri rangam new town.57,13,83,13.179039,80.309969,P. Suresh,23/01/2015,23/01/2015,27/01/2015,1,
93,5,Community centre,BHARATH NAGAR      2 nd STREET,itc quarters .57,13,84,13.18495,80.309178,P. Suresh,23/01/2015,23/01/2015,27/01/2015,1,
88,5,Anganwadis,BHARATH NAGAR 1 St CROSS STREET,Ennure sunami quatrers near,13,85,13.184728,80.309197,P. Suresh,23/01/2015,23/01/2015,27/01/2015,1,
94,5,NNMP shed,BHARATH NAGAR 1 St CROSS STREET,itc quarters .57,13,86,13.184739,80.309201,P. Suresh,23/01/2015,23/01/2015,27/01/2015,1,
87,5,Amma canteen,Bharathiyar nagar 2 nd street,Ennure sunami quatrers near,13,87,13.185259,80.316765,P. Suresh,23/01/2015,23/01/2015,27/01/2015,1,
89,5,Anganwadis,BHARATHIYAR NAGAR 6 th STREET,Ennure sunami quatrers near,13,88,13.187253,80.315314,P. Suresh,23/01/2015,23/01/2015,27/01/2015,1,
90,5,Anganwadis,BHARATHIYAR NAGAR 6 th STREET,Ennure sunami quatrers near,13,89,13.187323,80.315195,P. Suresh,23/01/2015,23/01/2015,27/01/2015,1,
96,5,NNMP shed,BHARATHIYAR NAGAR 6 th STREET,sunami house near,13,90,13.187351,80.315185,P. Suresh,23/01/2015,23/01/2015,27/01/2015,1,
95,5,NNMP shed,BHARATHIYAR NAGAR 6 th STREET,sunami house.57,13,91,13.187313,80.315152,P. Suresh,23/01/2015,23/01/2015,27/01/2015,1,
92,5,Anganwadis,SAKTHIPURAM 2 nd STREET,sri rangam new town.57,13,92,13.179044,80.309954,P. Suresh,23/01/2015,23/01/2015,27/01/2015,1,
91,5,Anganwadis,KVK KUPPAM,mrf company.57,13,93,13.176763,80.312622,P. Suresh,23/01/2015,23/01/2015,27/01/2015,1,
97,5,NNMP shed,KVK KUPPAM,mrf company.57,13,94,13.176786,80.312582,P. Suresh,23/01/2015,23/01/2015,27/01/2015,1,
83,4,NNMP shed,Mankali amman koil street,school inside .ennure,13,95,13.192042,80.309154,P. Suresh,23/01/2015,23/01/2015,27/01/2015,1,
79,4,Dispensary,Mankali Amman Koil Street,Ernavoor.57,13,96,13.191893,80.308999,P. Suresh,23/01/2015,23/01/2015,27/01/2015,1,
78,4,Anganwadis,Thiruveedi amman koil street,Amma hotal near ennur,13,97,13.190113,80.307159,P. Suresh,23/01/2015,23/01/2015,27/01/2015,1,
85,4,NNMP shed,Thiruveedi amman koil street,matha church.57,13,98,13.190132,80.307141,P. Suresh,23/01/2015,23/01/2015,27/01/2015,1,
81,4,High school,POONTHOTTAM SCHOOL,mankaliyammn kovil street.57,13,99,13.191901,80.309151,P. Suresh,23/01/2015,23/01/2015,27/01/2015,1,
86,4,Primary school,POONTHOTTAM SCHOOL,itc quarters.19,13,100,13.192013,80.309153,P. Suresh,23/01/2015,23/01/2015,27/01/2015,1,
,4,division offices,mankuliamman kovil street.,Ennure 57,13,101,13.191882,80.309084,P. Suresh,23/01/2015,23/01/2015,27/01/2015,1,
82,4,Middle school,SANNTHI ST,mankaliyammn kovil street.57,13,102,13.191828,80.309152,P. Suresh,23/01/2015,23/01/2015,27/01/2015,1,
80,4,Dispensary,Ramanathapuram,"wimconagar,thiruvnatriur.57",13,103,13.180186,80.302304,P. Suresh,23/01/2015,23/01/2015,27/01/2015,1,
84,4,NNMP shed,Ramanathapuram 10th street,vimco railway station.57,13,104,13.180382,80.302205,P. Suresh,23/01/2015,23/01/2015,27/01/2015,1,
104,6,Middle school,SATHYA MOORTHY NAGAR,thiruvetriyur .57,13,105,13.179626,80.294522,P. Suresh,23/01/2015,23/01/2015,27/01/2015,1,
106,6,NNMP shed,SATHYAMOORTHY NAGAR,near bus stop .57,13,106,13.179971,80.294522,P. Suresh,23/01/2015,23/01/2015,27/01/2015,1,
102,6,Anganwadis,SATHYAMOORTHY NAGAR,near bus stop .57,13,107,13.176597,80.294293,P. Suresh,23/01/2015,23/01/2015,27/01/2015,1,
100,6,Amma canteen,Sathyamoorthy nagar,sathyamoor nagar bus stop.thiruvetriyur,13,108,13.176466,80.294455,P. Suresh,23/01/2015,23/01/2015,27/01/2015,1,
103,6,Burial ground,SUBRAMANYA  NAGAR Main Road ,metro water pumping stastion.57,13,109,13.17676,80.295852,P. Suresh,23/01/2015,23/01/2015,27/01/2015,1,
101,6,Anganwadis,DR. AMBETHKAR NAGAR,Ajaks subway.57,13,110,13.174323,80.302015,P. Suresh,23/01/2015,23/01/2015,27/01/2015,1,
105,6,NNMP shed,DR. AMBETHKAR NAGAR,near bus stop .57,13,111,13.174329,80.302014,P. Suresh,23/01/2015,23/01/2015,27/01/2015,1,
107,7,Amma canteen,Balakrishna nagar main road,Railway station near.19,13,112,13.167013,80.296612,P. Suresh,23/01/2015,23/01/2015,27/01/2015,1,
108,7,Anganwadis,BALAKRISHNA NAGAR MAIN ROAD,Railway station near.19,13,113,13.167704,80.296533,P. Suresh,23/01/2015,23/01/2015,27/01/2015,1,
111,7,NNMP shed,BALAKRISHNA NAGAR MAIN ROAD,thruvetriyur railway gate.19,13,114,13.167713,80.296561,P. Suresh,23/01/2015,23/01/2015,27/01/2015,1,
109,7,Anganwadis,KARGIL NAGAR,Near ramasamy nagar.19,13,115,13.169066,80.292078,P. Suresh,23/01/2015,23/01/2015,27/01/2015,1,
113,7,Primary school,KARGIL NAGAR,"santhakadu,ramasamy nayani nagar",13,116,13.169139,80.292054,P. Suresh,23/01/2015,23/01/2015,27/01/2015,1,
112,7,NNMP shed,KARGIL NAGAR,thruvetriyur railway gate.19,13,117,13.169698,80.292124,P. Suresh,23/01/2015,23/01/2015,27/01/2015,1,
110,7,Dumping yard,MANALI ROAD SATHANGADU,pakking cannal.19,13,118,13.15804,80.287221,P. Suresh,23/01/2015,23/01/2015,27/01/2015,1,
194,14,Amma canteen,Ondi kuppam,dopikanna.ennure exp road,14,356,13.152466,80.303604,S. Palani,23/01/2015,23/01/2015,27/01/2015,1,
206,14,Dhobikhana,ONDI KUPPAM,ennure exp road.tvt,14,357,13.152367,80.303536,S. Palani,23/01/2015,23/01/2015,27/01/2015,1,
,14,health post,melapuram,"Rajakadai, Tolgate",14,358,13.151725,80.302127,S. Palani,23/01/2015,23/01/2015,27/01/2015,1,
202,14,Anganwadis,THIRUCHINAKUPPAM MAIN ROAD(Ennore Express Round),THIRUCHINAKUPPAM MAIN ROAD(Ennore Express Round),14,359,13.149435,80.30244,S. Palani,23/01/2015,23/01/2015,27/01/2015,1,
198,14,Anganwadis,SIVAGANGAPURAM (Thiruchinakuppam fisheries Dept Quarters),SIVAGANGAPURAM (Thiruchinakuppam fisheries Dept Quarters),14,360,13.149714,80.300817,S. Palani,23/01/2015,23/01/2015,27/01/2015,1,
203,14,Anganwadis,THIRUCHINAKUPPAM ROAD,THIRUCHINAKUPPAM ROAD,14,361,13.148429,80.300647,S. Palani,23/01/2015,23/01/2015,27/01/2015,1,
196,14,Anganwadis,NEW COLONY ,nadar school.back side tvt,14,362,13.147816,80.29944,S. Palani,23/01/2015,23/01/2015,27/01/2015,1,
197,14,Anganwadis,NEW COLONY ,nadar school.back side tvt,14,363,13.147882,80.299321,S. Palani,23/01/2015,23/01/2015,27/01/2015,1,
204,14,Anganwadis,THIYAGARAYAPURAM 2nd Cross Street,THIYAGARAYAPURAM 2nd Cross Street,14,364,13.14642,80.298824,S. Palani,23/01/2015,23/01/2015,27/01/2015,1,
205,14,Anganwadis,THIYAGARAYAPURAM 2nd Cross Street,THIYAGARAYAPURAM 2nd Cross Street,14,365,13.146331,80.298792,S. Palani,23/01/2015,23/01/2015,27/01/2015,1,
199,14,Anganwadis,T.H.ROAD (Thiyagarayapurm ),T.H.ROAD (Thiyagarayapurm ),14,366,13.146707,80.297897,S. Palani,23/01/2015,23/01/2015,27/01/2015,1,
200,14,Anganwadis,T.H.ROAD (Thiyagarayapurm ),T.H.ROAD (Thiyagarayapurm ),14,367,13.146507,80.2978,S. Palani,23/01/2015,23/01/2015,27/01/2015,1,
201,14,Anganwadis,T.H.ROAD (Thiyagarayapurm ),T.H.ROAD (Thiyagarayapurm ),14,368,13.146467,80.297809,S. Palani,23/01/2015,23/01/2015,27/01/2015,1,
195,14,Anganwadis,N.T.O.Kuppam,ennure exp road,14,369,13.144456,80.299931,S. Palani,23/01/2015,23/01/2015,27/01/2015,1,
187,13,Amma canteen,M G R road,toll gate santhakadu.19,14,370,13.144467,80.29463,S. Palani,23/01/2015,23/01/2015,27/01/2015,1,
191,13,NNMP shed,ANNA VILLAGE STREET,toll gate santhakadu.19,14,371,13.145568,80.293315,S. Palani,23/01/2015,23/01/2015,27/01/2015,1,
192,13,NNMP shed,ARGEN COLONY VARADHARAJAN STREET,toll gate santhakadu.19,14,372,13.150504,80.294013,S. Palani,23/01/2015,23/01/2015,27/01/2015,1,
189,13,Anganwadis,ARGEN COLONY VARADHARAJAN STREET,toll gate santhakadu.19,14,373,13.150434,80.295269,S. Palani,23/01/2015,23/01/2015,27/01/2015,1,
190,13,Anganwadis,METTU STREET SATHANKADU,toll gate santhakadu.19,14,374,13.150465,80.295274,S. Palani,23/01/2015,23/01/2015,27/01/2015,1,
193,13,NNMP shed,METTU STREET SATHANKADU,toll gate santhakadu.19,14,375,13.144506,80.294428,S. Palani,23/01/2015,23/01/2015,27/01/2015,1,
188,13,Anganwadis,ANNA VILLAGE STREET,toll gate santhakadu.19,14,376,13.14565,80.293316,S. Palani,23/01/2015,23/01/2015,27/01/2015,1,
75,4,Amma canteen,Bajanai koil street,"Near Bajanai Koil, Ernavoor",14,414,13.189996,80.3074,S. Palani,28/01/2015,28/01/2015,29/01/2015,1,
76,4,Anganwadis - Centre no.13,Mahali amman koil street,"CoC High school, Ernavoor",14,416,13.192242,80.309136,S. Palani,28/01/2015,28/01/2015,29/01/2015,1,
,4,Anganwadis - Centre no.11,Mahali amman koil street,Ernavoor,14,418,13.192224,80.309207,S. Palani,28/01/2015,28/01/2015,29/01/2015,1,
,4,Anganwadis - Centre no. 1,Mahali amman koil street,Ernavoor,14,419,13.192193,80.30913,S. Palani,28/01/2015,28/01/2015,29/01/2015,1,
,4,High school,Mahali amman koil street,Ernavoor,14,420,13.192201,80.309097,S. Palani,28/01/2015,28/01/2015,29/01/2015,1,
,4,A.E. Office,Mahali amman koil street,Ernavoor,14,421,13.192226,80.309046,S. Palani,28/01/2015,28/01/2015,29/01/2015,1,
,4,Health centre,Mahali amman koil street,Ernavoor,14,423,13.191863,80.308951,S. Palani,28/01/2015,28/01/2015,29/01/2015,1,
77,4,Anganwadis,Ramanathapuram 10th street,Ernavoor,14,424,13.191887,80.302223,S. Palani,28/01/2015,28/01/2015,29/01/2015,1,
,4,Anganwadis,"Ramanathapuram 10th street, Jyothi Nagar centre","Wimco, Ernavoor",14,425,13.191899,80.302201,S. Palani,28/01/2015,28/01/2015,29/01/2015,1,
,4,NNMP shed,Ramanathapuram 10th street,"Wimco, Ernavoor",14,426,13.191891,80.302197,S. Palani,28/01/2015,28/01/2015,29/01/2015,1,
,4,Middle school,Ramanathapuram 1st street,"Wimco, Ernavoor",14,427,13.180359,80.302119,S. Palani,28/01/2015,28/01/2015,29/01/2015,1,
,4,Health centre,Ramanathapuram 1st street,"Wimco, Ernavoor",14,428,13.180348,80.3023,S. Palani,28/01/2015,28/01/2015,29/01/2015,1,
176,12,Anganwadis,VANNIYAR ST,kaladipet .market,15,39,13.180355,80.298138,E. Sarathkumar,23/01/2015,23/01/2015,27/01/2015,1,
184,12,NNMP shed,VANNIYAR ST,kaladipet .market,15,40,13.180071,80.298151,E. Sarathkumar,23/01/2015,23/01/2015,27/01/2015,1,
172,12,Anganwadis,NORTH MADA STREET,odiyamani theater,15,41,13.180215,80.297507,E. Sarathkumar,23/01/2015,23/01/2015,27/01/2015,1,
180,12,NNMP shed,NORTH MADA STREET,odiyamani theater,15,42,13.155024,80.297517,E. Sarathkumar,23/01/2015,23/01/2015,27/01/2015,1,
169,12,Amma canteen,West mada st,odiyamani theater,15,43,13.153291,80.295979,E. Sarathkumar,23/01/2015,23/01/2015,27/01/2015,1,
177,12,Anganwadis,WEST MADA STREET,odiyamani theater,15,44,13.153281,80.295983,E. Sarathkumar,23/01/2015,23/01/2015,27/01/2015,1,
185,12,NNMP shed,WEST MADA STREET,odiyamani theater,15,45,13.152411,80.295784,E. Sarathkumar,23/01/2015,23/01/2015,27/01/2015,1,
171,12,Anganwadis,KAVARAI ST,santhakadu t.h road,15,46,13.151802,80.296961,E. Sarathkumar,23/01/2015,23/01/2015,27/01/2015,1,
179,12,NNMP shed,KAVARAI ST,santhakadu t.h road,15,47,13.151803,80.296972,E. Sarathkumar,23/01/2015,23/01/2015,27/01/2015,1,
170,12,Anganwadis,ELUTUKARAN ST,santhakadu t.h road,15,48,13.150613,80.297521,E. Sarathkumar,23/01/2015,23/01/2015,27/01/2015,1,
178,12,NNMP shed,ELUTUKARAN ST,santhakadu t.h road,15,49,13.150611,80.297522,E. Sarathkumar,23/01/2015,23/01/2015,27/01/2015,1,
186,12,Primary school,VADAKKU PRAHARAM,vadivudiamman kovil street,15,50,13.153963,80.296395,E. Sarathkumar,23/01/2015,23/01/2015,27/01/2015,1,
182,12,NNMP shed,VADAKKU PRAHARAM STREET,odiyamani theater,15,51,13.153944,80.296457,E. Sarathkumar,23/01/2015,23/01/2015,27/01/2015,1,
183,12,NNMP shed,VADAKKU PRAHARAM STREET,odiyamani theater,15,52,13.153953,80.296454,E. Sarathkumar,23/01/2015,23/01/2015,27/01/2015,1,
174,12,Anganwadis,VADAKKU PRAHARAM STREET,odiyamani theater,15,53,13.153941,80.296462,E. Sarathkumar,23/01/2015,23/01/2015,27/01/2015,1,
175,12,Anganwadis,VADAKKU PRAHARAM STREET,odiyamani theater,15,54,13.153942,80.296462,E. Sarathkumar,23/01/2015,23/01/2015,27/01/2015,1,
168,11,Shopping complex,PARTHASARATHY COMPLEX.T.H.ROAD,Amma hotal near ,15,55,13.157187,80.301546,E. Sarathkumar,23/01/2015,23/01/2015,27/01/2015,1,
173,12,Anganwadis,V O C NAGAR,odiyamani theater,15,NIL,,,E. Sarathkumar,23/01/2015,23/01/2015,27/01/2015,1,nil in way point
181,12,NNMP shed,V O C NAGAR,odiyamani theater,15,NIL,,,E. Sarathkumar,23/01/2015,23/01/2015,27/01/2015,1,nil in way point
150,11,Amma canteen,T h road,Ellayamman kovil street,16,40,13.154611,80.195341,R. Sabarinathan,23/01/2015,23/01/2015,27/01/2015,1,
157,11,Dispensary,BALAKRISHNA COLONY 2ND STREET,Ellayamman kovil street,16,41,13.157302,80.301311,R. Sabarinathan,23/01/2015,23/01/2015,27/01/2015,1,
159,11,Lorry station,INSIDE THE ZONAL OFFICE1 BUILDING,INSIDE THE ZONAL OFFICE1 BUILDING,16,42,13.156296,80.302357,R. Sabarinathan,23/01/2015,23/01/2015,27/01/2015,1,
166,11,Park,T.H.Road,shanmuganath park opp,16,43,13.155858,80.301263,R. Sabarinathan,23/01/2015,23/01/2015,27/01/2015,1,
158,11,High school,MARKET LANE,malliga puram health post,16,44,13.151442,80.302341,R. Sabarinathan,23/01/2015,23/01/2015,27/01/2015,1,
167,11,Primary school,MARKET LANE,malliga puram health post,16,45,13.151529,80.302206,R. Sabarinathan,23/01/2015,23/01/2015,27/01/2015,1,
153,11,Anganwadis,INSIDE THE CPS MARKET LANE,kaladipet.tvt,16,46,13.151602,80.302283,R. Sabarinathan,23/01/2015,23/01/2015,27/01/2015,1,
154,11,Anganwadis,INSIDE THE CPS MARKET LANE,kaladipet.tvt,16,47,13.151585,80.302279,R. Sabarinathan,23/01/2015,23/01/2015,27/01/2015,1,
162,11,NNMP shed,INSIDE THE CPS MARKET LANE,kaladipet.tvt,16,48,13.151301,80.30217,R. Sabarinathan,23/01/2015,23/01/2015,27/01/2015,1,
163,11,NNMP shed,INSIDE THE CPS MARKET LANE,kaladipet.tvt,16,49,13.15132,80.302096,R. Sabarinathan,23/01/2015,23/01/2015,27/01/2015,1,
155,11,Anganwadis,VEDHACHALLAM AVENUE,Ellayamman kovil street,16,50,13.158302,80.30512,R. Sabarinathan,23/01/2015,23/01/2015,27/01/2015,1,
164,11,NNMP shed,VEDHACHALLAM AVENUE,Ellayamman kovil street,16,51,13.15823,80.30516,R. Sabarinathan,23/01/2015,23/01/2015,27/01/2015,1,
156,11,Anganwadis,VEDHACHALLAM AVENUE,Ellayamman kovil street,16,52,13.158358,80.305197,R. Sabarinathan,23/01/2015,23/01/2015,27/01/2015,1,
165,11,NNMP shed,VEDHACHALLAM AVENUE,Ellayamman kovil street,16,53,13.158412,80.305207,R. Sabarinathan,23/01/2015,23/01/2015,27/01/2015,1,
151,11,Anganwadis,ENNORE EXPRESS ROAD,near fire station.tvt,16,54,13.156368,80.304559,R. Sabarinathan,23/01/2015,23/01/2015,27/01/2015,1,
152,11,Anganwadis,ENNORE EXPRESS ROAD,near fire station.tvt,16,55,13.156396,80.304506,R. Sabarinathan,23/01/2015,23/01/2015,27/01/2015,1,
160,11,NNMP shed,ENNORE EXPRESS ROAD,ENNORE EXPRESS ROAD,16,56,13.156394,80.304504,R. Sabarinathan,23/01/2015,23/01/2015,27/01/2015,1,
161,11,NNMP shed,ENNORE EXPRESS ROAD,near fire station.tvt,16,57,13.156405,80.304491,R. Sabarinathan,23/01/2015,23/01/2015,27/01/2015,1,
47,2,NNMP shed,Valluvar nagar,Ennyr railway station,17,39,13.220856,80.319972,Ajarutheen,23/01/2015,23/01/2015,27/01/2015,1,
43,2,NNMP shed,Nehru nagar,Ennur 3rd street,17,40,13.215386,80.318468,Ajarutheen,23/01/2015,23/01/2015,27/01/2015,1,
46,2,NNMP shed,Sastri Nagar,Ennur bridge down  near,17,41,13.208113,80.314812,Ajarutheen,23/01/2015,23/01/2015,27/01/2015,1,
41,2,NNMP shed,Ellayamman koil,Ennur unit offices road,17,42,13.215406,80.318487,Ajarutheen,23/01/2015,23/01/2015,27/01/2015,1,
45,2,NNMP shed,Ramamurthu nagar,Ennur beach road,17,43,13.217695,80.317572,Ajarutheen,23/01/2015,23/01/2015,27/01/2015,1,
42,2,NNMP shed,Kattukuppam,Ennur unit offices road,17,44,13.219,80.319765,Ajarutheen,23/01/2015,23/01/2015,27/01/2015,1,
49,2,Shopping complex,KH Road,Amma hotal near ennur,17,45,13.216108,80.320604,Ajarutheen,23/01/2015,23/01/2015,27/01/2015,1,
48,2,Primary school,Periya kuppam,Ennur express road,17,46,13.211422,80.323345,Ajarutheen,23/01/2015,23/01/2015,27/01/2015,1,
44,2,NNMP shed,Periyakuppam ,Ennur beach road,17,47,13.212076,80.323836,Ajarutheen,23/01/2015,23/01/2015,27/01/2015,1,
56,3,Anganwadis,Ernavoor,Ernavoor,17,48,13.202117,80.321596,Ajarutheen,23/01/2015,23/01/2015,27/01/2015,1,
68,3,NNMP shed,Ernavoor,Ernavoor,17,49,13.202113,80.321587,Ajarutheen,23/01/2015,23/01/2015,27/01/2015,1,
63,3,NNMP shed,Annai sivakami nagar,Ernavoor,17,50,13.199196,80.318025,Ajarutheen,23/01/2015,23/01/2015,27/01/2015,1,
51,3,Anganwadis,Annai sivakami nagar,Ennur express road.2rd street,17,51,13.199175,80.318046,Ajarutheen,23/01/2015,23/01/2015,27/01/2015,1,
52,3,Anganwadis,Annai sivakami nagar,Ennur express road. 5th street,17,52,13.197933,80.317438,Ajarutheen,23/01/2015,23/01/2015,27/01/2015,1,
64,3,NNMP shed,Annai sivakami nagar,Ernavoor,17,53,13.19794,80.317436,Ajarutheen,23/01/2015,23/01/2015,27/01/2015,1,
53,3,Anganwadis,Annai sivakami nagar,Ennur express road. 9th street,17,54,13.196237,80.317232,Ajarutheen,23/01/2015,23/01/2015,27/01/2015,1,
65,3,NNMP shed,Annai sivakami nagar,Ernavoor,17,55,13.196232,80.317236,Ajarutheen,23/01/2015,23/01/2015,27/01/2015,1,
54,3,Anganwadis,Annai sivakami nagar,Ennur express road. 10 th street,17,56,13.196154,80.317201,Ajarutheen,23/01/2015,23/01/2015,27/01/2015,1,
66,3,NNMP shed,Annai sivakami nagar,Ernavoor,17,57,13.196014,80.317157,Ajarutheen,23/01/2015,23/01/2015,27/01/2015,1,
55,3,Anganwadis,Annai sivakami nagar,Ennur express road.6th street,17,58,13.19784,80.315504,Ajarutheen,23/01/2015,23/01/2015,27/01/2015,1,
67,3,NNMP shed,Annai sivakami nagar,Ernavoor,17,59,13.19785,80.315525,Ajarutheen,23/01/2015,23/01/2015,27/01/2015,1,
50,3,Amma canteen,Ennore exp. Road,Annai sivagami nagar.Ennure,17,60,13.197001,80.314989,Ajarutheen,23/01/2015,23/01/2015,27/01/2015,1,
73,3,Primary school,Annai Sivakami Nagar,school inside .ennure,17,61,13.196283,80.315423,Ajarutheen,23/01/2015,23/01/2015,27/01/2015,1,
,3,3rd ward offices,Annai sivakami nagar,Ernavoor,17,62,13.196045,80.316414,Ajarutheen,23/01/2015,23/01/2015,27/01/2015,1,
,3,SI & CI offices,Annai sivakami nagar,Ernavoor,17,63,13.196025,80.316515,Ajarutheen,23/01/2015,23/01/2015,27/01/2015,1,
70,3,NNMP shed,Kasikoil kuppam,Ernavoor,17,64,13.190703,80.317594,Ajarutheen,23/01/2015,23/01/2015,27/01/2015,1,
58,3,Anganwadis,Kasikoil kuppam,Ernavoor,17,65,13.190699,80.317592,Ajarutheen,23/01/2015,23/01/2015,27/01/2015,1,
74,3,Primary school,Kasi koil kuppam,Railway station near,17,66,13.190781,80.316941,Ajarutheen,23/01/2015,23/01/2015,27/01/2015,1,
62,3,Burial ground,Kasi koil kuppam,Ernavoor,17,67,13.19039,80.313363,Ajarutheen,23/01/2015,23/01/2015,27/01/2015,1,
71,3,NNMP shed,Netaji Nagar,11st street ennure,17,68,13.188954,80.314586,Ajarutheen,23/01/2015,23/01/2015,27/01/2015,1,
60,3,Anganwadis,Netaji Nagar,Ernavoor,17,69,13.188997,80.314622,Ajarutheen,23/01/2015,23/01/2015,27/01/2015,1,
59,3,Anganwadis,Netaji Nagar,Ernavoor.bus stop near,17,71,13.18899,80.314638,Ajarutheen,23/01/2015,23/01/2015,27/01/2015,1,
61,3,Burial ground,JJ NAGAR,Ernavoor,17,72,13.188994,80.31466,Ajarutheen,23/01/2015,23/01/2015,27/01/2015,1,
72,3,NNMP shed,Netaji Nagar,1st street ennure,17,78,13.188526,80.311404,Ajarutheen,23/01/2015,23/01/2015,27/01/2015,1,
57,3,Anganwadis,Kasi viswanathar koil,Ernavoor,17,NIL,,,Ajarutheen,23/01/2015,23/01/2015,27/01/2015,1,nil in way point
69,3,NNMP shed,Kasi viswanathar koil,Ernavoor,17,NIL,,,Ajarutheen,23/01/2015,23/01/2015,27/01/2015,1,nil in way point
214,14,NNMP shed,THIRUCHINAKUPPAM MAIN ROAD (Ennore Express Round),Ennure exp road.tvt.19,18,157,13.14938,80.302431,R. Jeyam,23/01/2015,23/01/2015,27/01/2015,1,
218,14,Primary school,THIRUCHINAKUPPAM,TVT fishers quarters near,18,158,13.14927,80.30236,R. Jeyam,23/01/2015,23/01/2015,27/01/2015,1,
210,14,NNMP shed,SIVAGANGAPURAM (Thiruchinakuppam fisheries Dept Quarters),TVT.Near tollgate,18,159,13.149654,80.300735,R. Jeyam,23/01/2015,23/01/2015,27/01/2015,1,
215,14,NNMP shed,THIRUCHINAKUPPAM ROAD,Ennure exp road.tvt.19,18,162,13.148434,80.300657,R. Jeyam,23/01/2015,23/01/2015,27/01/2015,1,
208,14,NNMP shed,NEW COLONY ,thiruthangal naadar school back side.tvt,18,163,13.147844,80.299459,R. Jeyam,23/01/2015,23/01/2015,27/01/2015,1,
209,14,NNMP shed,NEW COLONY ,thiruthangal naadar school back side.tvt,18,164,13.14787,80.299328,R. Jeyam,23/01/2015,23/01/2015,27/01/2015,1,
216,14,NNMP shed,THIYAGARAYAPURAM 2nd Cross Street,TVT.thangal .19,18,165,13.146385,80.298817,R. Jeyam,23/01/2015,23/01/2015,27/01/2015,1,
217,14,NNMP shed,THIYAGARAYAPURAM 2nd Cross Street,TVT.thangal .19,18,166,13.146334,80.298792,R. Jeyam,23/01/2015,23/01/2015,27/01/2015,1,
211,14,NNMP shed,T.H.ROAD (Thiyagarayapurm ),TVT.Near tollgate,18,168,13.146698,80.297894,R. Jeyam,23/01/2015,23/01/2015,27/01/2015,1,
212,14,NNMP shed,T.H.ROAD (Thiyagarayapurm ),TVT.Near tollgate,18,170,13.146531,80.297772,R. Jeyam,23/01/2015,23/01/2015,27/01/2015,1,
213,14,NNMP shed,T.H.ROAD (Thiyagarayapurm ),TVT.Near tollgate,18,171,13.146506,80.297825,R. Jeyam,23/01/2015,23/01/2015,27/01/2015,1,
207,14,NNMP shed,N.T.O.Kuppam,Ennure exp road.tvt.19,18,172,13.144468,80.299927,R. Jeyam,23/01/2015,23/01/2015,27/01/2015,1,
36,2,Dispensary,KH Road,Ennure unit offices opp,20,20,13.217968,80.320157,P. Partheeban,23/01/2015,23/01/2015,27/01/2015,1,
37,2,Health post,KH Road,Ennure unit offices opp,20,21,13.218059,80.320174,P. Partheeban,23/01/2015,23/01/2015,27/01/2015,1,
38,2,Middle school,KH Road,Ennure unit offices opp,20,22,13.216758,80.320311,P. Partheeban,23/01/2015,23/01/2015,27/01/2015,1,
39,2,Middle school,Nehru Nagar,Ennre,20,23,13.215093,80.318496,P. Partheeban,23/01/2015,23/01/2015,27/01/2015,1,
24,2,Amma canteen,KH road,Ennur express road ,20,25,13.216169,80.320428,P. Partheeban,23/01/2015,23/01/2015,27/01/2015,1,
32,2,Anganwadis,Valluvar nagar,Ennur express road,20,26,13.220866,80.319896,P. Partheeban,23/01/2015,23/01/2015,27/01/2015,1,
28,2,Anganwadis,Nehru nagar,Ennur 3rd street,20,27,13.214122,80.317914,P. Partheeban,23/01/2015,23/01/2015,27/01/2015,1,
34,2,Burial ground,Sastri Nagar,Ennur bridge down  near,20,28,13.208355,80.314854,P. Partheeban,23/01/2015,23/01/2015,27/01/2015,1,
31,2,Anganwadis,Sastri Nagar,Ennur bridge down  near,20,29,13.208104,80.314794,P. Partheeban,23/01/2015,23/01/2015,27/01/2015,1,
26,2,Anganwadis,Ellayamman koil,Ennur unit offices road,20,30,13.215417,80.318486,P. Partheeban,23/01/2015,23/01/2015,27/01/2015,1,
35,2,Community centre,KH Road,Ennure unit offices opp,20,33,13.217025,80.319793,P. Partheeban,23/01/2015,23/01/2015,27/01/2015,1,
30,2,Anganwadis,Ramamurthu nagar,Ennur beach road,20,34,13.217691,80.31756,P. Partheeban,23/01/2015,23/01/2015,27/01/2015,1,
27,2,Anganwadis,Kattukuppam,Ennur unit offices road,20,35,13.219051,80.319671,P. Partheeban,23/01/2015,23/01/2015,27/01/2015,1,
25,2,Anganwadis,Chinna kuppam,Ennur express road ,20,36,13.207415,80.322229,P. Partheeban,23/01/2015,23/01/2015,27/01/2015,1,
40,2,NNMP shed,Chinna kuppam,Ennur express road,20,37,13.207419,80.322229,P. Partheeban,23/01/2015,23/01/2015,27/01/2015,1,
29,2,Anganwadis,Periyakuppam ,Ennur beach road,20,38,13.212061,80.323819,P. Partheeban,23/01/2015,23/01/2015,27/01/2015,1,
33,2,Burial ground,Periya kuppam,Ennur express road,20,39,13.211704,80.32258,P. Partheeban,23/01/2015,23/01/2015,27/01/2015,1,
20,1,Primary school,KAMARAJ NAGAR,kathivaakam,20,40,13.222525,80.320415,P. Partheeban,23/01/2015,23/01/2015,27/01/2015,1,
14,1,NNMP shed,KAMARAJ NAGAR,Ennur express road ,20,41,13.222464,80.320442,P. Partheeban,23/01/2015,23/01/2015,27/01/2015,1,
3,1,Anganwadis,KAMARAJ NAGAR,3rd street kathivakkam high road,20,42,13.222446,80.320306,P. Partheeban,23/01/2015,23/01/2015,27/01/2015,1,
9,1,Community centre,KAMARAJ NAGAR (NEAR VINAYAGAR KOIL STREET),Ennur express road ,20,43,13.223017,80.319939,P. Partheeban,23/01/2015,23/01/2015,27/01/2015,1,
2,1,Anganwadis,JJ NAGAR,hec.sec.school.j.j.kuppam mani road,20,44,13.224571,80.32224,P. Partheeban,23/01/2015,23/01/2015,27/01/2015,1,
1,1,Amma canteen,Flood relief center at K.H. Road,"Near Thanzhankuppam Sunami quarters, Ennore",20,45,13.227369,80.325835,P. Partheeban,23/01/2015,23/01/2015,27/01/2015,1,
21,1,Primary school,MUGATHUVARA KUPPAM,kathivakkam high road 4th street,20,46,13.229384,80.325387,P. Partheeban,23/01/2015,23/01/2015,27/01/2015,1,
15,1,NNMP shed,MUGATHUVARAKUPPAM,Ennur express road ,20,47,13.229525,80.325507,P. Partheeban,23/01/2015,23/01/2015,27/01/2015,1,
4,1,Anganwadis,MUGATHUVARAKUPPAM,Ennur express road ,20,48,13.22955,80.32555,P. Partheeban,23/01/2015,23/01/2015,27/01/2015,1,
19,1,Primary school,ENNORKUPPAM,Ennur express road ,20,49,13.229643,80.32612,P. Partheeban,23/01/2015,23/01/2015,27/01/2015,1,
18,1,NNMP shed,ULAGANATHAPURAM,Ennur express road ,20,50,13.229664,80.32625,P. Partheeban,23/01/2015,23/01/2015,27/01/2015,1,
10,1,Community centre,NETTUKLUPPAM,mani road,20,51,13.229819,80.327607,P. Partheeban,23/01/2015,23/01/2015,27/01/2015,1,
12,1,Middle school,NETTUKUPPAM,Ennur express road ,20,52,13.229893,80.32839,P. Partheeban,23/01/2015,23/01/2015,27/01/2015,1,
16,1,NNMP shed,NETTUKUPPAM,Ennur express road ,20,53,13.229895,80.328401,P. Partheeban,23/01/2015,23/01/2015,27/01/2015,1,
5,1,Anganwadis,NETTUKUPPAM,main road kathivakkam,20,54,13.230282,80.328695,P. Partheeban,23/01/2015,23/01/2015,27/01/2015,1,
23,1,Primary school,THALANKUPPAM,Ennur express road ,20,55,13.227405,80.326793,P. Partheeban,23/01/2015,23/01/2015,27/01/2015,1,
6,1,Anganwadis,THALANKUPPAM,Ennur express road .kathivakkam,20,56,13.227446,80.326856,P. Partheeban,23/01/2015,23/01/2015,27/01/2015,1,
17,1,NNMP shed,THALANKUPPAM,ennure kuppam main road,20,57,13.227412,80.326881,P. Partheeban,23/01/2015,23/01/2015,27/01/2015,1,
8,1,Burial ground,SVM NAGAR,Ennur express road ,20,58,13.222471,80.326698,P. Partheeban,23/01/2015,23/01/2015,27/01/2015,1,
11,1,Community centre,SVM NAGAR II nd MAIN ROAD,Ennur express road ,20,59,13.224123,80.324963,P. Partheeban,23/01/2015,23/01/2015,27/01/2015,1,
7,1,Anganwadis,ULAGANATHAPURAM,main road kathivakkam,20,60,13.223771,80.324142,P. Partheeban,23/01/2015,23/01/2015,27/01/2015,1,
13,1,NNMP shed,JJ NAGAR,Ennur express road ,20,61,13.221792,80.325982,P. Partheeban,23/01/2015,23/01/2015,27/01/2015,1,same way point
22,1,Primary school,SVM NAGAR,3rd main road,20,61,13.221792,80.325982,P. Partheeban,23/01/2015,23/01/2015,27/01/2015,1,same way point
114,8,Amma canteen,Periyar nagar,thiruvetriyur,21,1,13.16758,80.303797,Vengadesan,23/01/2015,23/01/2015,27/01/2015,1,
120,8,Dhobikhana,EAGAVALLIAMMAN KOIL STREET,"nerhu matric school near.t,h road",21,2,13.165249,80.305925,Vengadesan,23/01/2015,23/01/2015,27/01/2015,1,
117,8,Anganwadis,MASTHAN KOIL,near kakkanji nagar thiruvetriyur,21,3,13.166488,80.307752,Vengadesan,23/01/2015,23/01/2015,27/01/2015,1,
123,8,NNMP shed,MASTHAN KOIL,near kakkanji nagar thiruvetriyur,21,4,13.166427,80.3077,Vengadesan,23/01/2015,23/01/2015,27/01/2015,1,
122,8,NNMP shed,KR RAMASAMY NAGAR,near unit offices 2,21,5,13.166489,80.307717,Vengadesan,23/01/2015,23/01/2015,27/01/2015,1,
116,8,Anganwadis,KR RAMASAMY NAGAR,near unit offices 2,21,6,13.166515,80.30779,Vengadesan,23/01/2015,23/01/2015,27/01/2015,1,
115,8,Anganwadis,BHARATHI NAGAR,near petrol pank,21,7,13.170523,80.30352,Vengadesan,23/01/2015,23/01/2015,27/01/2015,1,
121,8,NNMP shed,BHARATHI NAGAR,petral bank thiruvetriyur,21,8,13.170499,80.303505,Vengadesan,23/01/2015,23/01/2015,27/01/2015,1,
118,8,Anganwadis,SP KOIL STREET,t.h road periyar nagar.tvt,21,9,13.166744,80.302876,Vengadesan,23/01/2015,23/01/2015,27/01/2015,1,
124,8,NNMP shed,SP KOIL STREET,t.h road periyar nagar.tvt,21,10,13.166671,80.302877,Vengadesan,23/01/2015,23/01/2015,27/01/2015,1,
119,8,Anganwadis,VILLAGE STREET,t.h road market opp,21,11,13.165138,80.300739,Vengadesan,23/01/2015,23/01/2015,27/01/2015,1,
128,9,Anganwadis,Thulukanam street ,Thulukanam street ,21,12,13.162486,80.302652,Vengadesan,23/01/2015,23/01/2015,27/01/2015,1,
132,9,NNMP shed,Thulukanam street ,Thulukanam street ,21,13,13.162533,80.302692,Vengadesan,23/01/2015,23/01/2015,27/01/2015,1,
125,8,NNMP shed,VILLAGE STREET,"opp market t.h road mtm school ,tvt",21,14,13.162862,80.302584,Vengadesan,23/01/2015,23/01/2015,27/01/2015,1,
137,10,Anganwadis,NORTH MADA STREET,vadivudiamman kovil street,21,15,13.16199,80.300251,Vengadesan,23/01/2015,23/01/2015,27/01/2015,1,
145,10,NNMP shed,NORTH MADA STREET,vadivudiamman kovil street,21,16,13.161985,80.300326,Vengadesan,23/01/2015,23/01/2015,27/01/2015,1,
136,10,Amma canteen,North mada street,vadivudiamman kovil street,21,17,13.161983,80.300119,Vengadesan,23/01/2015,23/01/2015,27/01/2015,1,
141,10,Burial ground,EAST TANK ST,vadivudiamman kovil street,21,18,13.161341,80.300734,Vengadesan,23/01/2015,23/01/2015,27/01/2015,1,
144,10,Middle school,SANNATHI ST,vadivudiamman kovil street,21,19,13.160868,80.300764,Vengadesan,23/01/2015,23/01/2015,27/01/2015,1,
139,10,Anganwadis,WEST MADA STREET,vadivudiamman kovil street,21,20,13.160147,80.29858,Vengadesan,23/01/2015,23/01/2015,27/01/2015,1,
147,10,NNMP shed,WEST MADA STREET,west matha street tvt,21,21,13.160188,80.298589,Vengadesan,23/01/2015,23/01/2015,27/01/2015,1,
140,10,Anganwadis,WEST MADA STREET,vadivudiamman kovil street,21,22,13.160157,80.298546,Vengadesan,23/01/2015,23/01/2015,27/01/2015,1,
148,10,NNMP shed,WEST MADA STREET,narth railway station tvt,21,23,13.16012,80.298681,Vengadesan,23/01/2015,23/01/2015,27/01/2015,1,
138,10,Anganwadis,POONTHAM STREET,inside poonthottam school.tvt,21,24,13.160033,80.300736,Vengadesan,23/01/2015,23/01/2015,27/01/2015,1,
146,10,NNMP shed,POONTHAM STREET,inside poonthottam school.tvt,21,25,13.159998,80.300881,Vengadesan,23/01/2015,23/01/2015,27/01/2015,1,
149,10,Playgrounds,POONTHAM STREET ,poonthottam school inside.tvt,21,27,13.159809,80.300912,Vengadesan,23/01/2015,23/01/2015,27/01/2015,1,
135,9,Shopping complex,THIRUVOTTOYUR HIGH ROAD,near bus stop .thearadi tvt,21,28,13.159953,80.302441,Vengadesan,23/01/2015,23/01/2015,27/01/2015,1,
130,9,Burial ground,THIRUVOTTIYUR KUPPAM ROAD,Ennure exp. Road thirvetriyur,21,29,13.16171,80.306467,Vengadesan,23/01/2015,23/01/2015,27/01/2015,1,
127,9,Anganwadis,Thiruvotriyur kuppam road ,Thiruvotriyur kuppam road ,21,30,13.162595,80.306669,Vengadesan,23/01/2015,23/01/2015,27/01/2015,1,
134,9,Primary school,Thiruvuttriyur kuppam road ,t.h road near beach road,21,31,13.161973,80.307894,Vengadesan,23/01/2015,23/01/2015,27/01/2015,1,
131,9,NNMP shed,Thiruvotriyur kuppam road ,Ennure exp. Road thirvetriyur,21,32,13.161969,80.307944,Vengadesan,23/01/2015,23/01/2015,27/01/2015,1,
126,9,Amma canteen,Pattinathar koil street,market thiruvetriyur,21,33,13.163128,80.304221,Vengadesan,23/01/2015,23/01/2015,27/01/2015,1,
129,9,Anganwadis,Village street ,Ennure exp. Road thirvetriyur,21,NIL,,,Vengadesan,23/01/2015,23/01/2015,27/01/2015,1,nil in way point
133,9,NNMP shed,Village street ,nil,21,NIL,,,Vengadesan,23/01/2015,23/01/2015,27/01/2015,1,nil in way point
142,10,Dispensary,T.H.Road,nil,21,NIL,,,Vengadesan,23/01/2015,23/01/2015,27/01/2015,1,nil in way point
143,10,Health post,TH Road,nil,21,NIL,,,Vengadesan,23/01/2015,23/01/2015,27/01/2015,1,nil in way point